Old Path (go2trek.com)	New URL (fetnepal.com)
/mountaineering-expedition-in-nepal/amadablam-expedition/	https://fetnepal.com/tour/amadablam-expedition/
/tours/helicopter-tours/mount-annapurna-base-camp-helicopter-tour/	https://fetnepal.com/tour/mount-annapurna-base-camp-helicopter-tour/
/trekking-in-nepal/annapurna-base-camp-trek/	https://fetnepal.com/tour/annapurna-base-camp-trek-1/
/trekking-in-nepal/annapurna-circuit-trek/	https://fetnepal.com/tour/annapurna-circuit-trek/
/trekking-in-nepal/annapurna-circuit-trek-with-tilicho-trek/	https://fetnepal.com/tour/annapurna-circuit-trek-tilicho-trek/
/trekking-in-nepal/annapurna-khopra-danda-trek/	https://fetnepal.com/tour/annapurna-khopra-danda-trek/
/trip/annapurna-sarangkot-australian-camp-trek/	https://fetnepal.com/tour/annapurna-sarangkot-australian-camp-trek/
/peak-climbing-in-nepal/baruntse-peak-climbing/	https://fetnepal.com/tour/baruntse-peak-climbing/
/trekking-in-nepal/beni-dolpo-trek/	https://fetnepal.com/tour/beni-dolpo-trek/
/tours/bhotekoshi-river-rafting/	https://fetnepal.com/tour/bhotekoshi-river-rafting/
/bhutan/bhutan-cultural-tour/	https://fetnepal.com/tour/bhutan-cultural-tour/
/tours/buddha-jayanti/	https://fetnepal.com/tour/buddha-jayanti/
/tours/buddhist-cultural-tour/	https://fetnepal.com/tour/buddhist-cultural-tour/
/tours/buddhist-lumbini-tour/	https://fetnepal.com/tour/buddhist-lumbini-tour/
/tours/buddhist-religious-tour/	https://fetnepal.com/tour/buddhist-religious-tour/
/tours/day-tours/bungee-jumping-in-nepal/	https://fetnepal.com/tour/bungee-jumping-nepal/
/hiking-in-nepal/chandragiri-hill-hiking/	https://fetnepal.com/tour/chandragiri-hill-hiking/
/hiking-in-nepal/changu-narayan-hiking/	https://fetnepal.com/tour/changu-narayan-hiking/
/trip/chisapani-hiking/	https://fetnepal.com/tour/chisapani-hiking/
/tours/chitwan-tour/	https://fetnepal.com/tour/chitwan-tour/
/trip/chitwan-wildlife-heli-tour/	https://fetnepal.com/tour/chitwan-wildlife-heli-tour/
/peak-climbing-in-nepal/chulu-east-peak-climbing/	https://fetnepal.com/tour/chulu-east-peak-climbing/
/trip/climate-change-impacts-trekking/	https://fetnepal.com/tour/climate-change-impacts-trekking/
/tours/dashain-festival-tour/	https://fetnepal.com/tour/dashain-festival-tour/
/trekking-in-nepal/dhaulagiri-round-trek/	https://fetnepal.com/tour/dhaulagiri-round-trek/
/trip/dhorpatan-hunting-reserve-trip/	https://fetnepal.com/tour/dhorpatan-hunting-reserve-trip/
/volunteer-in-nepal/environment-volunteer/	https://fetnepal.com/tour/environment-volunteer/
/trekking-in-nepal/everest-base-camp-trek/	https://fetnepal.com/tour/everest-base-camp-trek/
/trekking-in-nepal/everest-base-camp-via-gokyo-trek/	https://fetnepal.com/tour/everest-base-camp-via-gokyo-trek/
/mountaineering-expedition-in-nepal/everest-expedition/	https://fetnepal.com/tour/everest-expedition/
/trip/ganesh-himal-expedition-7422-m/	https://fetnepal.com/tour/ganesh-himal-expedition-7422-m/
/trekking-in-nepal/ganesh-himal-ganga-jamuna-trek/	https://fetnepal.com/tour/ganesh-himal-ganga-jamuna-trek/
/tours/helicopter-tours/ganesh-himal-rubi-valley-helicopter-tour/	https://fetnepal.com/tour/ganesh-himal-rubi-valley-helicopter-tour/
/trip/ganesh-himal-ruby-valley-trek/	https://fetnepal.com/tour/ganesh-himal-ruby-valley-trek/
/trekking-in-nepal/ghorepani-poonhill-annapurna-base-camp-trek/	https://fetnepal.com/tour/ghorepani-poonhill-annapurna-base-camp-trek/
/trekking-in-nepal/ghorepani-poonhill-trek/	https://fetnepal.com/tour/ghorepani-poonhill-trek/
/trekking-in-nepal/gorkha-trek/	https://fetnepal.com/tour/gorkha-trek/
/peak-climbing-in-nepal/hiunchuli-peak-6441-m/	https://fetnepal.com/tour/hiunchuli-peak-6441-m/
/tours/holi/	https://fetnepal.com/tour/holi/
/trip/india-delhi-taj-mahal-tour/	https://fetnepal.com/tour/india-delhi-taj-mahal-tour/
/tours/indra-jatra-tour/	https://fetnepal.com/tour/indra-jatra-tour/
/peak-climbing-in-nepal/island-peak-climbing/	https://fetnepal.com/tour/island-peak-climbing/
/tours/janakpur-tour/	https://fetnepal.com/tour/janakpur-tour/
/trekking-in-nepal/jiri-everest-base-camp-trek/	https://fetnepal.com/tour/jiri-everest-base-camp-trek/
/trekking-in-nepal/jomsom-muktinath-trek/	https://fetnepal.com/tour/jomsom-muktinath-trek/
/trekking-in-nepal/jumla-kagmara-phoksondo-lake-trek/	https://fetnepal.com/tour/jumla-kagmara-phoksondo-lake-trek/
/trekking-in-nepal/jumla-phoksondo-lake/	https://fetnepal.com/tour/jumla-phoksondo-lake/
/hiking-in-nepal/kakani-hiking/	https://fetnepal.com/tour/kakani-hiking/
/tours/kali-gandaki-river-rafting/	https://fetnepal.com/tour/kali-gandaki-river-rafting/
/hiking-in-nepal/kalinchowk-hiking/	https://fetnepal.com/tour/kalinchowk-hiking/
/tours/helicopter-tours/kanchenjunga-base-camp-helicopter-tour/	https://fetnepal.com/tour/kanchenjunga-base-camp-helicopter-tour/
/trekking-in-nepal/kanchenjunga-trek/	https://fetnepal.com/tour/kanchenjunga-trek/
/tours/kathmandu-and-pokhara-tour/	https://fetnepal.com/tour/pokhara-tour/
/tours/kathmandu-nagarkot-changunarayan/	https://fetnepal.com/tour/kathmandu-nagarkot-changunarayan/
/tours/kathmandu-nagarkot-dhulikhel-tour/	https://fetnepal.com/tour/kathmandu-nagarkot-dhulikhel-tour/
/tours/kathmandu-pokhara-lumbini-tour/	https://fetnepal.com/tour/kathmandu-pokhara-lumbini-tour/
/tours/kathmandu-sightseeing-tour/	https://fetnepal.com/tour/kathmandu-sightseeing-tour/
/trip/kathmandu-valley-and-chitwan-helicopter-tour/	https://fetnepal.com/tour/kathmandu-valley-and-chitwan-helicopter-tour/
/tours/kathmandu-valley-photography-tour/	https://fetnepal.com/tour/kathmandu-valley-photography-tour/
/tours/day-tours/kathmandu-valley-sightseeing-tour/	https://fetnepal.com/tour/kathmandu-valley-sightseeing-tour/
/tours/kathmandu-lumbini-chitwan/	https://fetnepal.com/tour/kathmandu-lumbini-chitwan/
/bhutan/kingdom-in-the-sky/	https://fetnepal.com/tour/kingdom-in-the-sky/
/tours/kumari-jatra-tour/	https://fetnepal.com/tour/kumari-jatra-tour/
/trekking-in-nepal/langtang-gosaikunda-helambu-trek/	https://fetnepal.com/tour/langtang-gosaikunda-helambu-trek/
/tours/helicopter-tours/langtang-helicopter-tour/	https://fetnepal.com/tour/langtang-helicopter-tour/
/peak-climbing-in-nepal/larke-peak-6249-m/	https://fetnepal.com/tour/larke-peak-6249-m/
/tours/lhosar/	https://fetnepal.com/tour/lhosar/
/mountaineering-expedition-in-nepal/lhotse-expedition/	https://fetnepal.com/tour/lhotse-expedition/
/trekking-in-nepal/limi-valley-trek/	https://fetnepal.com/tour/limi-valley-trek/
/peak-climbing-in-nepal/lobuche-east-peak-climbing/	https://fetnepal.com/tour/lobuche-east-peak-climbing/
/trip/lobuche-west-peak-6145-m/	https://fetnepal.com/tour/lobuche-west-peak-6145-m/
/trekking-in-nepal/lower-dolpo-trek/	https://fetnepal.com/tour/lower-dolpo-trek/
/trekking-in-nepal/makalu-base-camp-serpani-col-amphu-lapsha-pass/	https://fetnepal.com/tour/makalu-base-camp-serpani-col-amphu-lapsha-passs/
/tours/helicopter-tours/makalu-base-camp-helicopter-tour/	https://fetnepal.com/tour/makalu-base-camp-helicopter-tour/
/trekking-in-nepal/makalu-base-camp-trek-drive-in-drive-out/	https://fetnepal.com/tour/makalu-base-camp-trek-drive-drive/
/trekking-in-nepal/makalu-base-camp-trek-fly-in-drive-out/	https://fetnepal.com/tour/makalu-base-camp-trek-fly-drive/
/trekking-in-nepal/makalu-base-camp-trek-fly-in-fly-out/	https://fetnepal.com/tour/makalu-base-camp-trek-fly-in-fly-out/
/tours/helicopter-tours/manang-helicopter-tour/	https://fetnepal.com/tour/manang-helicopter-tour/
/trekking-in-nepal/manaslu-circuit-heli-trek/	https://fetnepal.com/tour/manaslu-circuit-heli-trek/
/trekking-in-nepal/manaslu-circuit-trek/	https://fetnepal.com/tour/manaslu-circuit-trek-4/
/trekking-in-nepal/manaslu-round-trek/	https://fetnepal.com/tour/manaslu-circuit-trek-2/
/trekking-in-nepal/manaslu-trek-combined-tsum-valley-trek/	https://fetnepal.com/tour/manaslu-trek-combined-tsum-valley-trek/
/trekking-in-nepal/manaslu-trekking/	https://fetnepal.com/tour/manaslu-circuit-trekking/
/trekking-in-nepal/mardi-himal-trek/	https://fetnepal.com/tour/mardi-himal-trek/
/peak-climbing-in-nepal/mera-peak-climbing/	https://fetnepal.com/tour/mera-peak-climbing/
/trip/mount-dhaulagiri-expedition-8167-m/	https://fetnepal.com/tour/mount-dhaulagiri-expedition-8167-m/
/tours/helicopter-tours/mount-everest-helicopter-tour/	https://fetnepal.com/tour/mount-everest-helicopter-tour/
/tibet/mount-kailash-manasarovar-lake-tour/	https://fetnepal.com/tour/mount-kailash-manasarovar-lake-tour/
/tours/helicopter-tours/mount-manaslu-helicopter-tour/	https://fetnepal.com/tour/mount-manaslu-helicopter-tour/
/mountaineering-expedition-in-nepal/mount-saribung-expedition-upper-mustang-nar-phu-valley-trek/	https://fetnepal.com/tour/mount-saribung-expedition-upper-mustang-nar-phu-valley-trek/
/tours-in-nepal/mountain-flight/	https://fetnepal.com/tour/mountain-flight/
/mountaineering-expedition-in-nepal/mt-cho-oyu-expedition/	https://fetnepal.com/tour/mt-cho-oyu-expedition/
/mountaineering-expedition-in-nepal/mt-himlung-expedition/	https://fetnepal.com/tour/mt-himlung-expedition/
/tours/helicopter-tours/mt-kailash-yatra-by-helicopter/	https://fetnepal.com/tour/mt-kailash-yatra-by-helicopter/
/tibet/mt-kailash-yatra-helicopter/	https://fetnepal.com/tour/mt-kailash-yatra-helicopter/
/mountaineering-expedition-in-nepal/mt-kanchenjunga-expedition/	https://fetnepal.com/tour/mt-kanchenjunga-expedition/
/mountaineering-expedition-in-nepal/mt-manaslu-expedition/	https://fetnepal.com/tour/mt-manaslu-expedition/
/tours/helicopter-tours/muktinath-helicopter-tour/	https://fetnepal.com/tour/muktinath-helicopter-tour/
/trip/musk-deer-trek-manaslu-tsum-valley/	https://fetnepal.com/tour/musk-deer-trek-manaslu-combined-tsum-valley/
/hiking-in-nepal/nagarjuna-jamacho-hiking/	https://fetnepal.com/tour/nagarjuna-jamachowk-hiking/
/hiking-in-nepal/nagarkot-hiking/	https://fetnepal.com/tour/nagarkot-hiking/
/hiking-in-nepal/namo-buddha-hiking/	https://fetnepal.com/tour/namo-buddha-hiking/
/trekking-in-nepal/nar-phu-valley-trek/	https://fetnepal.com/tour/nar-phu-valley-trek/
/peak-climbing-in-nepal/naya-kanga-peak-climbing/	https://fetnepal.com/tour/naya-kanga-peak-climbing/
/peak-climbing-in-nepal/paldor-peak-climbing/	https://fetnepal.com/tour/paldor-peak-climbing/
/hiking-in-nepal/panauti-hiking/	https://fetnepal.com/tour/panauti-hiking/
/tours-in-nepal/paragliding/	https://fetnepal.com/tour/paragliding/
/peak-climbing-in-nepal/parchamo-peak/	https://fetnepal.com/tour/parchamo-peak/
/trekking-in-nepal/pasachase-ghandruk-trek/	https://fetnepal.com/tour/pasachase-ghandruk-trek/
/hiking-in-nepal/phulchowki-hiking/	https://fetnepal.com/tour/phulchowki-hiking/
/peak-climbing-in-nepal/pikey-peak-trail/	https://fetnepal.com/tour/pikey-peak-trail/
/peak-climbing-in-nepal/pisang-peak-climbing/	https://fetnepal.com/tour/pisang-peak-climbing/
/peak-climbing-in-nepal/pokhalde-peak-and-khongma-tse-peak/	https://fetnepal.com/tour/pokhalde-peak-5806-m-and-khongma-tse-peak/
/tours/pokhara-tour/	https://fetnepal.com/tour/pokhara-tour-2/
/trip/pokhara-tour-and-australian-camp-hiking/	https://fetnepal.com/tour/pokhara-tour-and-australian-camp-hiking/
/peak-climbing-in-nepal/ramdung-peak-5930-m/	https://fetnepal.com/tour/ramdung-peak-5930-m/
/tours/helicopter-tours/rara-lake-helicopter-tour/	https://fetnepal.com/tour/rara-lake-helicopter-tour/
/trekking-in-nepal/rara-lake-short-trek-fly-in-fly-out/	https://fetnepal.com/tour/rara-lake-short-trek-fly-in-fly-out/
/trekking-in-nepal/rara-lake-trek/	https://fetnepal.com/tour/rara-lake-trek/
/volunteer-in-nepal/reconstruction-volunteer/	https://fetnepal.com/tour/earthquake-reconstruction-program/
/trip/red-panda-trek-langtang-region/	https://fetnepal.com/tour/red-panda-trek-langtang-region/
/trekking-in-nepal/rhododendron-trek-annapurna-region/	https://fetnepal.com/tour/rhododendron-trek-annapurna-region/
/trekking-in-nepal/rhododendron-trek-kanchenjunga-region/	https://fetnepal.com/tour/rhododendron-trek-kanchenjunga-region/
/trekking-in-nepal/rhododendron-trek-langtang-region/	https://fetnepal.com/tour/rhododendron-trek-langtang-region/
/trip/rock-climbing/	https://fetnepal.com/tour/rock-climbing/
/trekking-in-nepal/rolwaling-camping-trek/	https://fetnepal.com/tour/rolwaling-camping-trek/
/tours/helicopter-tours/rukum-taksera-helicopter-tour/	https://fetnepal.com/tour/rukum-taksera-helicopter-tour/
/hiking-in-nepal/shivapuri-hiking/	https://fetnepal.com/tour/shivapuri-hike/
/trip/shivaratri-festival-tour/	https://fetnepal.com/tour/shivaratri-festival-tour/
/trip/social-awareness/	https://fetnepal.com/tour/social-awareness/
/trip/special-tours-treks-for-academics/	https://fetnepal.com/tour/special-tours-treks-for-academics/
/tours/sunkoshi-river-rafting/	https://fetnepal.com/tour/sunkoshi-river-rafting/
/trekking-in-nepal/tamang-heritage-trail/	https://fetnepal.com/tour/tamang-heritage-trail/
/volunteer-in-nepal/teaching-volunteer/	https://fetnepal.com/tour/teaching-volunteer/
/peak-climbing-in-nepal/tent-peak/	https://fetnepal.com/tour/tent-peak-5695-m/
/peak-climbing-in-nepal/thapa-peak-6012m/	https://fetnepal.com/tour/thapa-peak-6012-m/
/tibet/tibet-tour/	https://fetnepal.com/tour/tibet-tour/
/tours/tihar-festival-tour/	https://fetnepal.com/tour/tihar-festival-tour/
/tours/day-tours/trishuli-river-rafting/	https://fetnepal.com/tour/trishuli-river-rafting/
/trekking-in-nepal/tsum-valley-trekking/	https://fetnepal.com/tour/tsum-valley-trekking/
/trip/unesco-world-heritage-luxury-tour-in-nepal/	https://fetnepal.com/tour/unesco-world-heritage-luxury-tour-in-nepal/
/trekking-in-nepal/upper-dhangadi-trek/	https://fetnepal.com/tour/upardhangadi-trek/
/trekking-in-nepal/upper-dolpa-trek/	https://fetnepal.com/tour/upper-dolpa-trek/
/trekking-in-nepal/upper-dolpo-extensive-trek/	https://fetnepal.com/tour/upper-dolpo-extensive-trek/
/trip/upper-dolpo-to-jomsom-trek-nepal/	https://fetnepal.com/tour/upper-dolpo-to-jomsom-trek-nepal/
/trekking-in-nepal/upper-mustang-damodar-kunda-trek/	https://fetnepal.com/tour/upper-mustang-damodar-kunda-trek/
/trip/upper-mustang-tour-drive-in-drive-out-7-days/	https://fetnepal.com/tour/upper-mustang-tour-drive-in-drive-out-7-days/
/trekking-in-nepal/trip/upper-mustang-trek-10days/	https://fetnepal.com/tour/upper-mustang-trek-10days/
/trekking-in-nepal/upper-mustang-trek/	https://fetnepal.com/tour/upper-mustang-trek/
/trekking-in-nepal/upper-mustang-trek-in-drive-out/	https://fetnepal.com/tour/upper-mustang-trek-in-drive-out/
/trekking-in-nepal/upper-mustang-trek-in-helicopter-fly-out/	https://fetnepal.com/tour/upper-mustang-trek-in-helicopter-fly-out/
/trekking-in-nepal/upper-mustang-with-damodar-kunda-trek/	https://fetnepal.com/tour/mustang-damodar-kunda-trek/
/trip/wall-climbing/	https://fetnepal.com/tour/wall-climbing/
/peak-climbing-in-nepal/yala-peak-5520-m/	https://fetnepal.com/tour/yala-peak-5520-m/
/peak-climbing-in-nepal/yalung-ri-peak-5630-m/	https://fetnepal.com/tour/yalung-ri-peak-5630-m/
/trip/yoga-tour/	https://fetnepal.com/tour/yoga-tour/
/volunteer-in-nepal/culture-conservation-volunteer/	https://fetnepal.com/tour/culture-conservation-volunteer/
/volunteer-in-nepal/social-work-volunteer/	https://fetnepal.com/tour/social-work-volunteer/